{"stats":{"minecraft:mined":{"iceandfire:silver_ore":3,"minecraft:iron_ore":5,"treechop:chopped_log":1,"minecraft:crafting_table":1,"minecraft:torch":1,"minecraft:grass":2,"minecraft:acacia_log":1,"minecraft:coal_ore":19,"minecraft:cobblestone":3,"minecraft:stone":22,"minecraft:moss_block":1},"minecraft:killed":{"minecraft:zombie":4},"minecraft:custom":{"minecraft:time_since_rest":9370,"minecraft:sprint_one_cm":12451,"minecraft:damage_taken":180,"minecraft:walk_one_cm":16251,"minecraft:mob_kills":4,"minecraft:damage_dealt":780,"minecraft:swim_one_cm":1937,"minecraft:interact_with_crafting_table":3,"minecraft:fly_one_cm":7327,"minecraft:crouch_one_cm":808,"minecraft:play_time":9370,"minecraft:sneak_time":1354,"minecraft:walk_under_water_one_cm":666,"minecraft:jump":57,"minecraft:walk_on_water_one_cm":306,"minecraft:time_since_death":9370,"minecraft:total_world_time":9370,"minecraft:fall_one_cm":1583},"minecraft:crafted":{"minecraft:crafting_table":2,"minecraft:stick":16,"minecraft:wooden_pickaxe":1,"minecraft:stone_pickaxe":1,"minecraft:stone_sword":1,"minecraft:acacia_planks":6,"minecraft:torch":20,"minecraft:air":24},"minecraft:used":{"minecraft:stone_sword":18,"minecraft:stone_pickaxe":55,"minecraft:wooden_pickaxe":3,"minecraft:torch":15,"minecraft:cobblestone":4,"minecraft:crafting_table":3},"minecraft:picked_up":{"minecraft:raw_iron":5,"minecraft:stick":3,"minecraft:crafting_table":1,"minecraft:torch":1,"minecraft:acacia_log":6,"minecraft:rotten_flesh":4,"minecraft:moss_block":1,"minecraft:acacia_sapling":1,"minecraft:coal":19,"iceandfire:raw_silver":3,"minecraft:cobblestone":25}},"DataVersion":3465}