{"stats":{"minecraft:picked_up":{"minecraft:crafting_table":3,"alexsmobs:acacia_blossom":3,"minecraft:oak_log":13,"farmersdelight:tomato":3,"minecraft:dirt":2,"minecraft:raw_copper":11,"minecraft:wheat_seeds":1,"alexsmobs:emu_feather":1,"minecraft:moss_block":1,"minecraft:acacia_sapling":5,"minecraft:furnace":2,"minecraft:stick":12,"minecraft:raw_iron":10,"minecraft:torch":9,"minecraft:acacia_log":56,"farmersdelight:tomato_seeds":6,"minecraft:rotten_flesh":5,"waystones:waystone":1,"minecraft:granite":2,"alexsmobs:emu_egg":3,"minecraft:oak_sapling":7,"minecraft:coal":116,"iceandfire:raw_silver":7,"minecraft:cobblestone":80},"minecraft:used":{"minecraft:moss_block":1,"minecraft:stone_sword":19,"minecraft:stone_pickaxe":125,"minecraft:wooden_pickaxe":3,"minecraft:iron_sword":12,"minecraft:rotten_flesh":2,"minecraft:torch":35,"minecraft:crafting_table":5,"farmersdelight:tomato":3,"minecraft:iron_axe":51,"minecraft:iron_pickaxe":60,"minecraft:cobblestone":42,"minecraft:furnace":3,"alexsmobs:animal_dictionary":1},"minecraft:crafted":{"iceandfire:silver_ingot":7,"minecraft:crafting_table":3,"minecraft:wooden_pickaxe":1,"minecraft:iron_sword":1,"minecraft:furnace":1,"minecraft:copper_ingot":11,"minecraft:air":76,"iceandfire:armor_silver_metal_helmet":1,"minecraft:iron_axe":1,"minecraft:stick":40,"minecraft:iron_ingot":10,"minecraft:iron_pickaxe":1,"minecraft:stone_pickaxe":1,"minecraft:stone_sword":1,"minecraft:acacia_planks":10,"minecraft:torch":29},"minecraft:killed":{"naturalist:zebra":1,"alexsmobs:emu":1,"minecraft:zombie":4},"minecraft:custom":{"minecraft:interact_with_furnace":14,"minecraft:mob_kills":6,"minecraft:interact_with_crafting_table":9,"minecraft:leave_game":3,"minecraft:time_since_death":45176,"minecraft:time_since_rest":45176,"minecraft:sprint_one_cm":56749,"minecraft:damage_taken":240,"minecraft:walk_one_cm":79054,"minecraft:damage_dealt":1368,"minecraft:swim_one_cm":4790,"minecraft:fly_one_cm":29476,"minecraft:crouch_one_cm":1003,"minecraft:play_time":45176,"minecraft:sneak_time":1440,"minecraft:walk_under_water_one_cm":3421,"minecraft:jump":356,"minecraft:walk_on_water_one_cm":1738,"minecraft:total_world_time":45176,"minecraft:fall_one_cm":5045},"minecraft:mined":{"minecraft:acacia_leaves":2,"iceandfire:silver_ore":7,"minecraft:crafting_table":3,"minecraft:torch":3,"minecraft:granite":2,"minecraft:acacia_log":2,"minecraft:grass_block":1,"minecraft:copper_ore":3,"minecraft:tall_grass":4,"minecraft:cobblestone":8,"farmersdelight:wild_tomatoes":6,"minecraft:moss_block":1,"minecraft:wall_torch":5,"minecraft:furnace":2,"minecraft:iron_ore":10,"treechop:chopped_log":8,"minecraft:grass":11,"minecraft:coal_ore":73,"minecraft:dirt":1,"minecraft:stone":72}},"DataVersion":3465}