{"stats":{"minecraft:picked_up":{"minecraft:shelter_pottery_sherd":1,"minecraft:coarse_dirt":1,"minecraft:crafting_table":4,"minecraft:allium":16,"farmersdelight:onion_crate":7,"alexsmobs:acacia_blossom":3,"minecraft:oak_log":13,"minecraft:lantern":1,"farmersdelight:cutting_board":2,"minecraft:string":2,"farmersdelight:tomato":5,"minecraft:dirt":2,"minecraft:raw_copper":44,"minecraft:wheat_seeds":3,"alexsmobs:emu_feather":1,"farmersdelight:pumpkin_slice":16,"minecraft:moss_block":1,"minecraft:acacia_sapling":5,"minecraft:furnace":4,"minecraft:stick":14,"minecraft:raw_iron":16,"minecraft:sheaf_pottery_sherd":1,"minecraft:pumpkin":6,"minecraft:torch":12,"minecraft:acacia_log":68,"farmersdelight:tomato_seeds":13,"minecraft:cauldron":1,"minecraft:snort_pottery_sherd":1,"minecraft:rotten_flesh":5,"minecraft:angler_pottery_sherd":1,"farmersdelight:onion":7,"waystones:waystone":1,"minecraft:granite":2,"alexsmobs:emu_egg":7,"minecraft:oak_sapling":7,"minecraft:coal":192,"iceandfire:raw_silver":9,"minecraft:cobblestone":84},"minecraft:used":{"farmersdelight:onion_crate":8,"minecraft:moss_block":1,"minecraft:stone_sword":19,"minecraft:acacia_log":2,"minecraft:stone_pickaxe":125,"minecraft:wooden_pickaxe":3,"minecraft:iron_sword":24,"farmersdelight:pumpkin_slice":7,"minecraft:rotten_flesh":2,"minecraft:torch":54,"farmersdelight:onion":9,"minecraft:crafting_table":7,"farmersdelight:tomato":5,"minecraft:iron_axe":89,"minecraft:iron_pickaxe":106,"farmersdelight:cutting_board":2,"minecraft:cobblestone":60,"minecraft:furnace":3,"alexsmobs:animal_dictionary":1,"alexsmobs:boiled_emu_egg":3},"minecraft:crafted":{"minecraft:oak_planks":13,"iceandfire:silver_ingot":7,"minecraft:crafting_table":3,"farmersdelight:iron_knife":1,"minecraft:wooden_pickaxe":1,"minecraft:iron_sword":1,"minecraft:furnace":1,"alexsmobs:boiled_emu_egg":3,"minecraft:copper_ingot":11,"minecraft:pumpkin_seeds":4,"minecraft:air":182,"farmersdelight:cutting_board":1,"iceandfire:armor_silver_metal_helmet":1,"minecraft:iron_axe":1,"minecraft:stick":40,"minecraft:iron_ingot":10,"minecraft:iron_pickaxe":1,"minecraft:stone_pickaxe":1,"minecraft:stone_sword":1,"minecraft:acacia_planks":10,"minecraft:torch":29,"farmersdelight:onion":15},"minecraft:dropped":{"minecraft:furnace":1,"alexsmobs:acacia_blossom":3},"minecraft:killed":{"naturalist:zebra":1,"minecraft:spider":2,"alexsmobs:emu":1,"minecraft:zombie":6},"minecraft:custom":{"minecraft:interact_with_furnace":15,"minecraft:mob_kills":10,"minecraft:interact_with_crafting_table":12,"minecraft:open_barrel":7,"minecraft:leave_game":3,"minecraft:time_since_death":69176,"minecraft:climb_one_cm":532,"minecraft:time_since_rest":69176,"minecraft:sprint_one_cm":94238,"minecraft:damage_taken":490,"minecraft:walk_one_cm":138995,"minecraft:drop":2,"minecraft:damage_dealt":2088,"minecraft:swim_one_cm":9303,"minecraft:fly_one_cm":54155,"minecraft:crouch_one_cm":1386,"minecraft:play_time":69176,"minecraft:sneak_time":1629,"minecraft:walk_under_water_one_cm":5612,"minecraft:jump":642,"minecraft:walk_on_water_one_cm":4853,"minecraft:total_world_time":69176,"minecraft:fall_one_cm":9856},"minecraft:mined":{"minecraft:acacia_leaves":2,"iceandfire:silver_ore":9,"minecraft:crafting_table":4,"minecraft:torch":4,"minecraft:granite":2,"minecraft:acacia_log":2,"minecraft:grass_block":1,"minecraft:decorated_pot":1,"minecraft:dead_bush":1,"farmersdelight:onion_crate":8,"minecraft:copper_ore":12,"minecraft:tall_grass":7,"minecraft:cobblestone":8,"farmersdelight:wild_tomatoes":13,"minecraft:moss_block":1,"minecraft:wall_torch":5,"minecraft:cauldron":1,"farmersdelight:wild_onions":7,"minecraft:coarse_dirt":1,"minecraft:furnace":3,"minecraft:iron_ore":16,"farmersdelight:cutting_board":2,"minecraft:pumpkin":6,"treechop:chopped_log":9,"minecraft:grass":22,"minecraft:coal_ore":95,"minecraft:lantern":1,"minecraft:dirt":1,"minecraft:stone":76}},"DataVersion":3465}