{"stats":{"minecraft:killed":{"naturalist:zebra":1,"minecraft:allay":1,"minecraft:spider":5,"minecraft:zombie_villager":1,"alexsmobs:emu":1,"minecraft:pillager":31,"minecraft:zombie":9},"minecraft:picked_up":{"iceandfire:dragon_skull_lightning":1,"minecraft:crafting_table":4,"minecraft:charcoal":4,"minecraft:shelter_pottery_sherd":1,"minecraft:coarse_dirt":4,"minecraft:wheat":4,"minecraft:allium":22,"iceandfire:fire_lily":1,"minecraft:sentry_armor_trim_smithing_template":4,"minecraft:enchanted_book":12,"gravestone:obituary":1,"farmersdelight:cutting_board":2,"minecraft:string":6,"minecraft:raw_copper":44,"minecraft:experience_bottle":5,"alexsmobs:emu_feather":3,"minecraft:spruce_planks":1,"minecraft:chest":5,"minecraft:spruce_trapdoor":1,"minecraft:mangrove_log":20,"minecraft:furnace":4,"minecraft:stick":28,"minecraft:raw_iron":16,"iceandfire:dragonbone":14,"minecraft:sheaf_pottery_sherd":1,"minecraft:torch":28,"minecraft:acacia_log":68,"minecraft:spruce_stairs":3,"farmersdelight:tomato_seeds":13,"minecraft:cherry_log":22,"minecraft:carrot":5,"minecraft:cauldron":1,"minecraft:dark_oak_planks":2,"minecraft:rotten_flesh":10,"farmersdelight:onion":35,"alexsmobs:emu_egg":7,"minecraft:mangrove_roots":1,"alexsmobs:kangaroo_meat":2,"minecraft:cobblestone":124,"farmersdelight:onion_crate":7,"wandering_bags:pillager_bag":1,"alexsmobs:acacia_blossom":3,"minecraft:potato":2,"minecraft:stripped_spruce_wood":2,"minecraft:oak_log":13,"minecraft:gray_concrete":2,"farmersdelight:tomato":5,"minecraft:dirt":13,"minecraft:lantern":1,"minecraft:white_banner":2,"minecraft:name_tag":2,"minecraft:gray_carpet":1,"minecraft:wheat_seeds":6,"farmersdelight:pumpkin_slice":16,"minecraft:iron_ingot":1,"minecraft:cobweb":10,"minecraft:bamboo":14,"minecraft:moss_block":4,"minecraft:gray_bed":4,"minecraft:acacia_sapling":5,"minecraft:dark_oak_stairs":1,"minecraft:dark_oak_slab":2,"minecraft:emerald_block":7,"minecraft:pumpkin":6,"minecraft:dark_oak_log":10,"minecraft:spider_eye":1,"minecraft:barrel":3,"alexsmobs:kangaroo_hide":2,"minecraft:snort_pottery_sherd":1,"minecraft:angler_pottery_sherd":1,"waystones:waystone":1,"minecraft:crossbow":4,"minecraft:granite":2,"minecraft:diamond_axe":3,"minecraft:cherry_sapling":12,"minecraft:emerald":2,"minecraft:rooted_dirt":1,"minecraft:oak_sapling":7,"minecraft:dark_oak_fence":2,"minecraft:coal":265,"minecraft:mangrove_propagule":11,"iceandfire:raw_silver":13},"minecraft:crafted":{"minecraft:oak_planks":13,"minecraft:furnace":1,"minecraft:iron_axe":1,"minecraft:stone_pickaxe":1,"minecraft:chest":1,"minecraft:dark_oak_planks":11,"iceandfire:silver_ingot":7,"minecraft:crafting_table":4,"farmersdelight:iron_knife":1,"minecraft:wooden_pickaxe":1,"minecraft:iron_sword":1,"alexsmobs:boiled_emu_egg":3,"minecraft:copper_ingot":11,"minecraft:pumpkin_seeds":4,"minecraft:stone_axe":1,"minecraft:air":490,"farmersdelight:cutting_board":1,"iceandfire:armor_silver_metal_helmet":1,"minecraft:iron_chestplate":1,"minecraft:emerald_block":1,"minecraft:stick":48,"minecraft:iron_ingot":15,"minecraft:iron_pickaxe":1,"minecraft:stone_sword":2,"minecraft:acacia_planks":66,"minecraft:torch":39,"iceandfire:silver_sword":1,"farmersdelight:onion":15},"minecraft:dropped":{"minecraft:torch":8,"minecraft:furnace":1,"alexsmobs:acacia_blossom":3,"minecraft:charcoal":4},"minecraft:killed_by":{"minecraft:creeper":1,"minecraft:pillager":17},"minecraft:mined":{"minecraft:dark_oak_planks":6,"minecraft:spruce_planks":3,"iceandfire:silver_ore":13,"minecraft:dark_oak_log":1,"minecraft:mangrove_roots":2,"minecraft:granite":2,"minecraft:spruce_trapdoor":1,"gravestone:gravestone":11,"minecraft:dark_oak_fence":6,"minecraft:acacia_log":2,"minecraft:grass_block":1,"minecraft:decorated_pot":1,"minecraft:moss_block":1,"minecraft:mangrove_propagule":1,"minecraft:spawner":1,"farmersdelight:wild_onions":11,"minecraft:furnace":3,"minecraft:dark_oak_trapdoor":1,"minecraft:iron_ore":16,"minecraft:barrel":3,"minecraft:pumpkin":6,"treechop:chopped_log":12,"minecraft:dark_oak_stairs":1,"minecraft:iron_bars":2,"minecraft:lantern":1,"minecraft:bamboo":1,"minecraft:stone":114,"minecraft:acacia_leaves":2,"minecraft:gray_concrete":5,"minecraft:crafting_table":4,"minecraft:torch":8,"minecraft:chest":3,"minecraft:dead_bush":2,"minecraft:campfire":3,"iceandfire:fire_lily":1,"farmersdelight:onion_crate":8,"minecraft:tall_grass":18,"minecraft:copper_ore":12,"minecraft:cobblestone":10,"farmersdelight:wild_tomatoes":13,"minecraft:wall_torch":9,"minecraft:cauldron":1,"minecraft:spruce_stairs":5,"minecraft:chain":1,"minecraft:coarse_dirt":1,"minecraft:dark_oak_slab":4,"minecraft:stripped_spruce_wood":5,"farmersdelight:cutting_board":2,"minecraft:gray_bed":4,"minecraft:grass":47,"minecraft:coal_ore":169,"minecraft:dirt":1,"minecraft:gray_carpet":1,"minecraft:emerald_block":4},"minecraft:used":{"minecraft:moss_block":1,"farmersdelight:onion_crate":8,"minecraft:acacia_log":2,"minecraft:stone_sword":53,"iceandfire:silver_sword":10,"minecraft:chest":1,"minecraft:iron_sword":123,"minecraft:rotten_flesh":2,"minecraft:iron_chestplate":2,"minecraft:torch":82,"minecraft:spruce_stairs":3,"minecraft:carrot":25,"minecraft:golden_chestplate":1,"minecraft:dark_oak_planks":41,"farmersdelight:tomato":5,"minecraft:iron_axe":128,"minecraft:barrel":3,"farmersdelight:cutting_board":2,"minecraft:goat_horn":2,"minecraft:furnace":4,"minecraft:gray_bed":4,"minecraft:potato":19,"alexsmobs:boiled_emu_egg":3,"minecraft:stone_pickaxe":125,"minecraft:oak_planks":36,"minecraft:wooden_pickaxe":3,"farmersdelight:pumpkin_slice":16,"minecraft:diamond_axe":51,"farmersdelight:onion":32,"minecraft:crafting_table":8,"minecraft:crossbow":6,"waystones:waystone":1,"minecraft:iron_pickaxe":239,"minecraft:cobblestone":75,"alexsmobs:animal_dictionary":1,"minecraft:coarse_dirt":1,"minecraft:experience_bottle":21},"minecraft:custom":{"minecraft:mob_kills":55,"minecraft:interact_with_crafting_table":17,"minecraft:open_barrel":54,"minecraft:leave_game":5,"minecraft:time_since_death":5482,"minecraft:climb_one_cm":47311,"minecraft:sprint_one_cm":208771,"minecraft:walk_one_cm":300213,"minecraft:drop":4,"minecraft:play_time":147025,"minecraft:deaths":18,"minecraft:sneak_time":3855,"minecraft:walk_under_water_one_cm":6622,"minecraft:jump":1713,"minecraft:walk_on_water_one_cm":7309,"minecraft:total_world_time":147025,"minecraft:interact_with_furnace":21,"minecraft:sleep_in_bed":4,"minecraft:time_since_rest":5513,"minecraft:waystone_activated":1,"minecraft:damage_taken":6803,"minecraft:damage_dealt":9768,"minecraft:fly_one_cm":154097,"minecraft:swim_one_cm":16705,"minecraft:open_chest":11,"minecraft:crouch_one_cm":3925,"minecraft:fall_one_cm":33627,"minecraft:horse_one_cm":1526}},"DataVersion":3465}