{"stats":{"minecraft:killed":{"naturalist:zebra":1,"minecraft:allay":1,"minecraft:spider":5,"minecraft:zombie_villager":1,"alexsmobs:emu":1,"minecraft:pillager":31,"minecraft:zombie":9,"alexsmobs:gazelle":1},"minecraft:picked_up":{"iceandfire:dragon_skull_lightning":1,"minecraft:crafting_table":5,"minecraft:charcoal":4,"minecraft:shelter_pottery_sherd":1,"minecraft:coarse_dirt":4,"minecraft:wheat":4,"minecraft:allium":28,"iceandfire:fire_lily":2,"minecraft:sentry_armor_trim_smithing_template":4,"minecraft:enchanted_book":12,"gravestone:obituary":1,"farmersdelight:cutting_board":2,"minecraft:string":10,"minecraft:raw_copper":44,"minecraft:experience_bottle":5,"alexsmobs:emu_feather":5,"minecraft:spruce_planks":1,"minecraft:chest":5,"minecraft:spruce_trapdoor":1,"minecraft:mangrove_log":40,"minecraft:furnace":4,"minecraft:stick":28,"minecraft:raw_iron":16,"minecraft:sheaf_pottery_sherd":1,"iceandfire:dragonbone":28,"minecraft:torch":28,"minecraft:acacia_log":68,"minecraft:spruce_stairs":3,"farmersdelight:tomato_seeds":13,"minecraft:cherry_log":44,"minecraft:carrot":12,"minecraft:cauldron":1,"minecraft:goat_horn":1,"minecraft:dark_oak_planks":2,"minecraft:rotten_flesh":15,"farmersdelight:onion":35,"alexsmobs:emu_egg":11,"minecraft:mangrove_roots":2,"alexsmobs:kangaroo_meat":5,"minecraft:cobblestone":135,"farmersdelight:onion_crate":7,"wandering_bags:pillager_bag":1,"alexsmobs:acacia_blossom":3,"minecraft:potato":52,"minecraft:stripped_spruce_wood":2,"minecraft:oak_log":13,"minecraft:gray_concrete":2,"farmersdelight:tomato":5,"minecraft:dirt":15,"minecraft:lantern":1,"minecraft:white_banner":2,"minecraft:name_tag":2,"minecraft:acacia_planks":49,"minecraft:gray_carpet":1,"minecraft:wheat_seeds":12,"farmersdelight:pumpkin_slice":16,"minecraft:iron_ingot":1,"minecraft:cobweb":18,"minecraft:bamboo":42,"minecraft:moss_block":4,"minecraft:gray_bed":5,"minecraft:acacia_sapling":5,"minecraft:dark_oak_stairs":1,"minecraft:dark_oak_slab":2,"minecraft:emerald_block":7,"recrafted_creatures:zebra_hide":2,"minecraft:pumpkin":6,"minecraft:dark_oak_log":10,"minecraft:spider_eye":2,"minecraft:barrel":9,"alexsmobs:kangaroo_hide":5,"minecraft:snort_pottery_sherd":1,"minecraft:angler_pottery_sherd":1,"waystones:waystone":2,"minecraft:crossbow":4,"minecraft:granite":2,"minecraft:diamond_axe":4,"minecraft:cherry_sapling":24,"minecraft:emerald":2,"minecraft:rooted_dirt":1,"minecraft:oak_sapling":7,"minecraft:dark_oak_fence":2,"minecraft:coal":266,"minecraft:mangrove_propagule":22,"iceandfire:raw_silver":13},"minecraft:broken":{"minecraft:iron_pickaxe":1},"minecraft:killed_by":{"minecraft:creeper":1,"minecraft:pillager":17},"minecraft:crafted":{"minecraft:oak_planks":13,"minecraft:furnace":1,"minecraft:iron_axe":4,"minecraft:stone_pickaxe":1,"minecraft:chest":1,"minecraft:dark_oak_planks":11,"iceandfire:silver_ingot":7,"minecraft:crafting_table":4,"farmersdelight:iron_knife":1,"minecraft:wooden_pickaxe":1,"minecraft:iron_sword":1,"alexsmobs:boiled_emu_egg":3,"minecraft:copper_ingot":11,"minecraft:pumpkin_seeds":4,"minecraft:stone_axe":1,"minecraft:air":490,"farmersdelight:cutting_board":1,"iceandfire:armor_silver_metal_helmet":1,"minecraft:iron_chestplate":2,"minecraft:emerald_block":1,"minecraft:stick":48,"minecraft:iron_ingot":15,"minecraft:iron_pickaxe":1,"minecraft:stone_sword":2,"minecraft:acacia_planks":66,"minecraft:torch":39,"iceandfire:silver_sword":1,"farmersdelight:onion":15},"minecraft:custom":{"minecraft:mob_kills":61,"minecraft:interact_with_crafting_table":19,"minecraft:open_barrel":65,"minecraft:leave_game":7,"minecraft:time_since_death":20270,"minecraft:climb_one_cm":47311,"minecraft:sprint_one_cm":255281,"minecraft:walk_one_cm":331575,"minecraft:drop":5,"minecraft:play_time":161813,"minecraft:deaths":18,"minecraft:sneak_time":3973,"minecraft:walk_under_water_one_cm":7215,"minecraft:jump":1914,"minecraft:walk_on_water_one_cm":10169,"minecraft:total_world_time":161813,"minecraft:interact_with_furnace":21,"minecraft:sleep_in_bed":5,"minecraft:time_since_rest":10543,"minecraft:waystone_activated":1,"minecraft:damage_taken":7062,"minecraft:damage_dealt":10148,"minecraft:fly_one_cm":200366,"minecraft:swim_one_cm":21885,"minecraft:open_chest":11,"minecraft:crouch_one_cm":4063,"minecraft:fall_one_cm":38070,"minecraft:horse_one_cm":1526},"minecraft:dropped":{"minecraft:torch":8,"minecraft:furnace":1,"alexsmobs:acacia_blossom":3,"minecraft:charcoal":4,"minecraft:bamboo":14},"minecraft:mined":{"minecraft:dark_oak_planks":6,"minecraft:spruce_planks":3,"iceandfire:silver_ore":13,"minecraft:dark_oak_log":1,"minecraft:mangrove_roots":2,"minecraft:granite":2,"minecraft:spruce_trapdoor":1,"gravestone:gravestone":11,"minecraft:dark_oak_fence":6,"minecraft:acacia_log":2,"minecraft:grass_block":2,"minecraft:decorated_pot":1,"minecraft:moss_block":2,"minecraft:mangrove_propagule":1,"minecraft:spawner":1,"farmersdelight:wild_onions":11,"minecraft:furnace":3,"minecraft:dark_oak_trapdoor":1,"minecraft:iron_ore":16,"minecraft:barrel":9,"minecraft:pumpkin":6,"treechop:chopped_log":12,"minecraft:dark_oak_stairs":1,"minecraft:iron_bars":2,"minecraft:lantern":1,"minecraft:bamboo":1,"minecraft:stone":124,"minecraft:acacia_leaves":2,"minecraft:gray_concrete":5,"minecraft:crafting_table":5,"minecraft:torch":8,"minecraft:chest":3,"minecraft:dead_bush":2,"minecraft:campfire":3,"iceandfire:fire_lily":1,"farmersdelight:onion_crate":8,"minecraft:tall_grass":30,"minecraft:copper_ore":12,"minecraft:cobblestone":11,"farmersdelight:wild_tomatoes":13,"minecraft:wall_torch":9,"minecraft:cauldron":1,"minecraft:spruce_stairs":5,"minecraft:chain":1,"minecraft:coarse_dirt":1,"minecraft:dark_oak_slab":4,"minecraft:stripped_spruce_wood":5,"farmersdelight:cutting_board":2,"minecraft:gray_bed":5,"minecraft:grass":145,"minecraft:coal_ore":169,"minecraft:dirt":2,"minecraft:gray_carpet":1,"minecraft:emerald_block":4},"minecraft:used":{"minecraft:moss_block":1,"farmersdelight:onion_crate":8,"minecraft:acacia_log":2,"minecraft:stone_sword":53,"iceandfire:silver_sword":10,"minecraft:chest":1,"minecraft:iron_sword":142,"minecraft:rotten_flesh":2,"minecraft:iron_chestplate":2,"minecraft:torch":84,"minecraft:dirt":8,"minecraft:spruce_stairs":3,"minecraft:carrot":25,"minecraft:golden_chestplate":1,"minecraft:dark_oak_planks":41,"farmersdelight:tomato":5,"minecraft:iron_axe":128,"minecraft:barrel":9,"farmersdelight:cutting_board":2,"minecraft:goat_horn":2,"minecraft:furnace":4,"minecraft:gray_bed":4,"minecraft:potato":36,"alexsmobs:boiled_emu_egg":3,"minecraft:stone_pickaxe":125,"minecraft:oak_planks":36,"minecraft:wooden_pickaxe":3,"farmersdelight:pumpkin_slice":16,"minecraft:diamond_axe":59,"farmersdelight:onion":32,"minecraft:crafting_table":8,"minecraft:crossbow":7,"waystones:waystone":1,"minecraft:iron_pickaxe":250,"minecraft:cobblestone":85,"alexsmobs:animal_dictionary":1,"minecraft:coarse_dirt":3,"minecraft:experience_bottle":21}},"DataVersion":3465}