{"stats":{"minecraft:picked_up":{"minecraft:crafting_table":2,"minecraft:stick":3,"minecraft:raw_iron":10,"alexsmobs:acacia_blossom":1,"minecraft:torch":6,"minecraft:acacia_log":10,"minecraft:dirt":2,"minecraft:raw_copper":11,"minecraft:rotten_flesh":4,"minecraft:wheat_seeds":1,"minecraft:granite":2,"minecraft:moss_block":1,"minecraft:acacia_sapling":1,"minecraft:coal":95,"iceandfire:raw_silver":7,"minecraft:cobblestone":68,"minecraft:furnace":1},"minecraft:used":{"minecraft:moss_block":1,"minecraft:stone_sword":19,"minecraft:stone_pickaxe":125,"minecraft:iron_pickaxe":45,"minecraft:wooden_pickaxe":3,"minecraft:rotten_flesh":2,"minecraft:torch":32,"minecraft:cobblestone":37,"minecraft:crafting_table":5,"minecraft:furnace":2},"minecraft:crafted":{"iceandfire:armor_silver_metal_helmet":1,"iceandfire:silver_ingot":7,"minecraft:iron_axe":1,"minecraft:crafting_table":3,"minecraft:stick":40,"minecraft:wooden_pickaxe":1,"minecraft:iron_ingot":10,"minecraft:iron_pickaxe":1,"minecraft:stone_pickaxe":1,"minecraft:stone_sword":1,"minecraft:iron_sword":1,"minecraft:furnace":1,"minecraft:copper_ingot":11,"minecraft:acacia_planks":10,"minecraft:torch":29,"minecraft:air":76},"minecraft:killed":{"minecraft:zombie":4},"minecraft:custom":{"minecraft:time_since_rest":33176,"minecraft:interact_with_furnace":11,"minecraft:sprint_one_cm":38526,"minecraft:damage_taken":180,"minecraft:walk_one_cm":47817,"minecraft:mob_kills":4,"minecraft:damage_dealt":780,"minecraft:swim_one_cm":1937,"minecraft:interact_with_crafting_table":9,"minecraft:fly_one_cm":18414,"minecraft:crouch_one_cm":1003,"minecraft:play_time":33176,"minecraft:sneak_time":1439,"minecraft:walk_under_water_one_cm":666,"minecraft:jump":224,"minecraft:leave_game":3,"minecraft:walk_on_water_one_cm":306,"minecraft:time_since_death":33176,"minecraft:total_world_time":33176,"minecraft:fall_one_cm":2479},"minecraft:mined":{"minecraft:furnace":1,"iceandfire:silver_ore":7,"minecraft:iron_ore":10,"treechop:chopped_log":2,"minecraft:torch":1,"minecraft:crafting_table":2,"minecraft:granite":2,"minecraft:grass":3,"minecraft:acacia_log":1,"minecraft:grass_block":1,"minecraft:coal_ore":73,"minecraft:dirt":1,"minecraft:copper_ore":3,"minecraft:cobblestone":5,"minecraft:stone":63,"minecraft:moss_block":1,"minecraft:wall_torch":5}},"DataVersion":3465}