{"stats":{"minecraft:picked_up":{"minecraft:coarse_dirt":1,"minecraft:crafting_table":3,"minecraft:allium":16,"alexsmobs:acacia_blossom":3,"minecraft:oak_log":13,"minecraft:string":1,"farmersdelight:tomato":5,"minecraft:dirt":2,"minecraft:raw_copper":44,"minecraft:wheat_seeds":3,"alexsmobs:emu_feather":1,"minecraft:moss_block":1,"minecraft:acacia_sapling":5,"minecraft:furnace":3,"minecraft:stick":14,"minecraft:raw_iron":16,"minecraft:pumpkin":5,"minecraft:torch":9,"minecraft:acacia_log":68,"farmersdelight:tomato_seeds":13,"minecraft:rotten_flesh":5,"farmersdelight:onion":7,"waystones:waystone":1,"minecraft:granite":2,"alexsmobs:emu_egg":4,"minecraft:oak_sapling":7,"minecraft:coal":192,"iceandfire:raw_silver":9,"minecraft:cobblestone":84},"minecraft:used":{"minecraft:moss_block":1,"minecraft:stone_sword":19,"minecraft:acacia_log":2,"minecraft:stone_pickaxe":125,"minecraft:wooden_pickaxe":3,"minecraft:iron_sword":19,"minecraft:rotten_flesh":2,"minecraft:torch":51,"farmersdelight:onion":9,"minecraft:crafting_table":5,"farmersdelight:tomato":5,"minecraft:iron_axe":77,"minecraft:iron_pickaxe":104,"minecraft:cobblestone":57,"minecraft:furnace":3,"alexsmobs:animal_dictionary":1,"alexsmobs:boiled_emu_egg":3},"minecraft:crafted":{"iceandfire:silver_ingot":7,"minecraft:crafting_table":3,"minecraft:wooden_pickaxe":1,"minecraft:iron_sword":1,"minecraft:furnace":1,"alexsmobs:boiled_emu_egg":3,"minecraft:copper_ingot":11,"minecraft:air":76,"iceandfire:armor_silver_metal_helmet":1,"minecraft:iron_axe":1,"minecraft:stick":40,"minecraft:iron_ingot":10,"minecraft:iron_pickaxe":1,"minecraft:stone_pickaxe":1,"minecraft:stone_sword":1,"minecraft:acacia_planks":10,"minecraft:torch":29},"minecraft:killed":{"naturalist:zebra":1,"minecraft:spider":1,"alexsmobs:emu":1,"minecraft:zombie":6},"minecraft:custom":{"minecraft:interact_with_furnace":15,"minecraft:mob_kills":9,"minecraft:interact_with_crafting_table":9,"minecraft:leave_game":3,"minecraft:time_since_death":57176,"minecraft:time_since_rest":57176,"minecraft:sprint_one_cm":74787,"minecraft:damage_taken":470,"minecraft:walk_one_cm":121625,"minecraft:damage_dealt":1928,"minecraft:swim_one_cm":5974,"minecraft:fly_one_cm":40867,"minecraft:crouch_one_cm":1003,"minecraft:play_time":57176,"minecraft:sneak_time":1440,"minecraft:walk_under_water_one_cm":4800,"minecraft:jump":558,"minecraft:walk_on_water_one_cm":2329,"minecraft:total_world_time":57176,"minecraft:fall_one_cm":7172},"minecraft:mined":{"minecraft:acacia_leaves":2,"iceandfire:silver_ore":9,"minecraft:crafting_table":3,"minecraft:torch":3,"minecraft:granite":2,"minecraft:acacia_log":2,"minecraft:grass_block":1,"minecraft:dead_bush":1,"minecraft:copper_ore":12,"minecraft:tall_grass":7,"minecraft:cobblestone":8,"farmersdelight:wild_tomatoes":13,"minecraft:moss_block":1,"minecraft:wall_torch":5,"farmersdelight:wild_onions":7,"minecraft:coarse_dirt":1,"minecraft:furnace":3,"minecraft:iron_ore":16,"minecraft:pumpkin":5,"treechop:chopped_log":9,"minecraft:grass":21,"minecraft:coal_ore":95,"minecraft:dirt":1,"minecraft:stone":76}},"DataVersion":3465}