{"stats":{"minecraft:mined":{"minecraft:furnace":1,"iceandfire:silver_ore":7,"minecraft:iron_ore":10,"treechop:chopped_log":1,"minecraft:crafting_table":2,"minecraft:torch":1,"minecraft:grass":2,"minecraft:acacia_log":1,"minecraft:coal_ore":39,"minecraft:copper_ore":3,"minecraft:cobblestone":5,"minecraft:stone":49,"minecraft:moss_block":1,"minecraft:wall_torch":3},"minecraft:killed":{"minecraft:zombie":4},"minecraft:custom":{"minecraft:time_since_rest":20957,"minecraft:interact_with_furnace":7,"minecraft:sprint_one_cm":32010,"minecraft:damage_taken":180,"minecraft:walk_one_cm":40125,"minecraft:mob_kills":4,"minecraft:damage_dealt":780,"minecraft:swim_one_cm":1937,"minecraft:interact_with_crafting_table":6,"minecraft:fly_one_cm":10818,"minecraft:crouch_one_cm":808,"minecraft:play_time":20957,"minecraft:sneak_time":1373,"minecraft:walk_under_water_one_cm":666,"minecraft:jump":167,"minecraft:leave_game":2,"minecraft:time_since_death":20957,"minecraft:walk_on_water_one_cm":306,"minecraft:total_world_time":20957,"minecraft:fall_one_cm":2270},"minecraft:crafted":{"minecraft:crafting_table":3,"minecraft:stick":16,"minecraft:wooden_pickaxe":1,"minecraft:iron_ingot":10,"minecraft:stone_pickaxe":1,"minecraft:stone_sword":1,"minecraft:furnace":1,"minecraft:copper_ingot":11,"minecraft:acacia_planks":6,"minecraft:torch":29,"minecraft:air":60},"minecraft:used":{"minecraft:stone_sword":19,"minecraft:stone_pickaxe":119,"minecraft:wooden_pickaxe":3,"minecraft:rotten_flesh":2,"minecraft:torch":29,"minecraft:cobblestone":23,"minecraft:crafting_table":4,"minecraft:furnace":1},"minecraft:picked_up":{"minecraft:crafting_table":2,"minecraft:stick":3,"minecraft:raw_iron":10,"minecraft:torch":4,"minecraft:acacia_log":6,"minecraft:raw_copper":11,"minecraft:rotten_flesh":4,"minecraft:moss_block":1,"minecraft:acacia_sapling":1,"minecraft:coal":61,"iceandfire:raw_silver":7,"minecraft:cobblestone":53,"minecraft:furnace":1}},"DataVersion":3465}