{"stats":{"minecraft:picked_up":{"minecraft:wheat":4,"minecraft:charcoal":2,"minecraft:shelter_pottery_sherd":1,"minecraft:coarse_dirt":1,"minecraft:crafting_table":4,"minecraft:allium":16,"farmersdelight:onion_crate":7,"wandering_bags:pillager_bag":1,"alexsmobs:acacia_blossom":3,"minecraft:stripped_spruce_wood":2,"minecraft:oak_log":13,"minecraft:white_banner":2,"minecraft:lantern":1,"farmersdelight:cutting_board":2,"minecraft:string":2,"farmersdelight:tomato":5,"minecraft:dirt":2,"minecraft:raw_copper":44,"minecraft:gray_carpet":1,"minecraft:wheat_seeds":3,"alexsmobs:emu_feather":1,"farmersdelight:pumpkin_slice":16,"minecraft:spruce_planks":1,"minecraft:moss_block":1,"minecraft:gray_bed":1,"minecraft:spruce_trapdoor":1,"minecraft:acacia_sapling":5,"minecraft:furnace":4,"minecraft:stick":14,"minecraft:raw_iron":16,"minecraft:sheaf_pottery_sherd":1,"minecraft:pumpkin":6,"minecraft:torch":15,"minecraft:acacia_log":68,"minecraft:spruce_stairs":3,"farmersdelight:tomato_seeds":13,"minecraft:dark_oak_log":4,"minecraft:barrel":1,"minecraft:cauldron":1,"minecraft:snort_pottery_sherd":1,"minecraft:rotten_flesh":5,"minecraft:angler_pottery_sherd":1,"farmersdelight:onion":18,"waystones:waystone":1,"minecraft:crossbow":2,"minecraft:granite":2,"alexsmobs:emu_egg":7,"minecraft:oak_sapling":7,"minecraft:dark_oak_fence":2,"minecraft:coal":192,"iceandfire:raw_silver":9,"minecraft:cobblestone":86},"minecraft:used":{"farmersdelight:onion_crate":8,"minecraft:moss_block":1,"minecraft:stone_sword":53,"iceandfire:silver_sword":10,"minecraft:acacia_log":2,"minecraft:stone_pickaxe":125,"minecraft:oak_planks":27,"minecraft:chest":1,"minecraft:wooden_pickaxe":3,"minecraft:iron_sword":65,"farmersdelight:pumpkin_slice":13,"minecraft:rotten_flesh":2,"minecraft:iron_chestplate":1,"minecraft:torch":59,"farmersdelight:onion":28,"minecraft:crafting_table":7,"minecraft:crossbow":6,"farmersdelight:tomato":5,"minecraft:iron_axe":122,"minecraft:iron_pickaxe":109,"farmersdelight:cutting_board":2,"minecraft:cobblestone":68,"minecraft:goat_horn":2,"minecraft:furnace":4,"minecraft:gray_bed":1,"alexsmobs:animal_dictionary":1,"minecraft:potato":19,"alexsmobs:boiled_emu_egg":3},"minecraft:crafted":{"minecraft:oak_planks":13,"iceandfire:silver_ingot":7,"minecraft:crafting_table":3,"farmersdelight:iron_knife":1,"minecraft:wooden_pickaxe":1,"minecraft:iron_sword":1,"minecraft:furnace":1,"alexsmobs:boiled_emu_egg":3,"minecraft:copper_ingot":11,"minecraft:pumpkin_seeds":4,"minecraft:stone_axe":1,"minecraft:air":182,"farmersdelight:cutting_board":1,"iceandfire:armor_silver_metal_helmet":1,"minecraft:iron_chestplate":1,"minecraft:iron_axe":1,"minecraft:stick":48,"minecraft:iron_ingot":15,"minecraft:iron_pickaxe":1,"minecraft:stone_pickaxe":1,"minecraft:stone_sword":2,"minecraft:chest":1,"minecraft:acacia_planks":10,"minecraft:torch":29,"iceandfire:silver_sword":1,"farmersdelight:onion":15},"minecraft:dropped":{"minecraft:furnace":1,"alexsmobs:acacia_blossom":3},"minecraft:killed":{"naturalist:zebra":1,"minecraft:spider":2,"alexsmobs:emu":1,"minecraft:pillager":23,"minecraft:zombie":6},"minecraft:killed_by":{"minecraft:pillager":10},"minecraft:custom":{"minecraft:interact_with_furnace":21,"minecraft:mob_kills":34,"minecraft:interact_with_crafting_table":16,"minecraft:open_barrel":26,"minecraft:leave_game":3,"minecraft:time_since_death":483,"minecraft:sleep_in_bed":1,"minecraft:climb_one_cm":36626,"minecraft:time_since_rest":513,"minecraft:sprint_one_cm":101439,"minecraft:damage_taken":3654,"minecraft:walk_one_cm":174776,"minecraft:drop":2,"minecraft:damage_dealt":6524,"minecraft:swim_one_cm":9303,"minecraft:fly_one_cm":57356,"minecraft:open_chest":6,"minecraft:crouch_one_cm":3012,"minecraft:play_time":93176,"minecraft:deaths":10,"minecraft:sneak_time":2708,"minecraft:walk_under_water_one_cm":5612,"minecraft:jump":898,"minecraft:walk_on_water_one_cm":4853,"minecraft:total_world_time":93176,"minecraft:fall_one_cm":16604},"minecraft:mined":{"minecraft:acacia_leaves":2,"minecraft:spruce_planks":2,"iceandfire:silver_ore":9,"minecraft:dark_oak_log":1,"minecraft:dark_oak_fence":6,"minecraft:spruce_trapdoor":1,"gravestone:gravestone":8,"minecraft:crafting_table":4,"minecraft:torch":4,"minecraft:granite":2,"minecraft:acacia_log":2,"minecraft:grass_block":1,"minecraft:decorated_pot":1,"minecraft:dead_bush":1,"minecraft:campfire":2,"farmersdelight:onion_crate":8,"minecraft:copper_ore":12,"minecraft:tall_grass":7,"minecraft:cobblestone":10,"farmersdelight:wild_tomatoes":13,"minecraft:moss_block":1,"minecraft:wall_torch":8,"minecraft:cauldron":1,"minecraft:spruce_stairs":3,"minecraft:chain":1,"farmersdelight:wild_onions":7,"minecraft:coarse_dirt":1,"minecraft:dark_oak_slab":3,"minecraft:furnace":3,"minecraft:stripped_spruce_wood":4,"minecraft:iron_ore":16,"farmersdelight:cutting_board":2,"minecraft:barrel":1,"minecraft:gray_bed":1,"minecraft:pumpkin":6,"treechop:chopped_log":9,"minecraft:grass":23,"minecraft:coal_ore":95,"minecraft:lantern":1,"minecraft:dirt":1,"minecraft:gray_carpet":1,"minecraft:stone":76,"minecraft:dark_oak_planks":4}},"DataVersion":3465}