{"stats":{"minecraft:picked_up":{"minecraft:sand":2,"minecraft:sugar_cane":7},"minecraft:dropped":{"alexsmobs:animal_dictionary":1},"minecraft:mined":{"minecraft:sand":3,"minecraft:sugar_cane":3},"minecraft:used":{"minecraft:sand":2,"alexsmobs:animal_dictionary":1},"minecraft:custom":{"minecraft:time_since_rest":481,"minecraft:crouch_one_cm":981,"minecraft:sprint_one_cm":12063,"minecraft:play_time":4578,"minecraft:deaths":1,"minecraft:damage_taken":200,"minecraft:walk_one_cm":17964,"minecraft:sneak_time":188,"minecraft:walk_under_water_one_cm":765,"minecraft:drop":1,"minecraft:jump":74,"minecraft:damage_dealt":26,"minecraft:leave_game":2,"minecraft:walk_on_water_one_cm":1676,"minecraft:time_since_death":275,"minecraft:total_world_time":4578,"minecraft:swim_one_cm":6627,"minecraft:fall_one_cm":1867,"minecraft:fly_one_cm":10277}},"DataVersion":3120}