{"stats":{"minecraft:crafted":{"minecraft:oak_planks":24,"minecraft:crafting_table":1,"minecraft:stick":20,"minecraft:wooden_pickaxe":1},"minecraft:dropped":{"minecraft:sugar_cane":1,"alexsmobs:animal_dictionary":1,"minecraft:mutton":1,"minecraft:rotten_flesh":34,"gravestone:obituary":1,"minecraft:golden_shovel":1,"minecraft:bone":4},"minecraft:picked_up":{"minecraft:stick":3,"minecraft:crafting_table":1,"minecraft:enchanted_book":1,"minecraft:sand":36,"minecraft:oak_log":6,"gravestone:obituary":1,"minecraft:spider_eye":6,"minecraft:iron_horse_armor":1,"minecraft:string":16,"minecraft:bone":23,"minecraft:rotten_flesh":40,"minecraft:wheat_seeds":1,"luminousworld:elephant_grass":1,"minecraft:golden_apple":2,"luminousworld:tall_deadbush":3,"minecraft:emerald":3,"luminousworld:bao_bob_log":1,"minecraft:sugar_cane":27,"minecraft:chest":4,"minecraft:mutton":2,"minecraft:white_wool":1,"minecraft:cobblestone":13},"minecraft:killed":{"minecraft:sheep":1},"minecraft:mined":{"minecraft:seagrass":4,"luminousworld:savannah_soil":2,"minecraft:tall_seagrass":1,"luminousworld:tall_deadbush":3,"luminousworld:bao_bob_log":1,"treechop:chopped_log":1,"minecraft:crafting_table":1,"minecraft:grass":4,"minecraft:chest":4,"minecraft:sand":37,"minecraft:tall_grass":11,"minecraft:stone":13,"luminousworld:savannah_grass_4":1,"luminousworld:elephant_grass":1,"minecraft:sugar_cane":12,"luminousworld:savanna_grass_2":1},"minecraft:used":{"minecraft:wooden_pickaxe":14,"minecraft:rotten_flesh":6,"minecraft:sand":36,"minecraft:crafting_table":2,"alexsmobs:animal_dictionary":1,"minecraft:obsidian":1},"minecraft:custom":{"minecraft:time_since_rest":30481,"minecraft:sprint_one_cm":91832,"minecraft:damage_taken":422,"minecraft:walk_one_cm":113599,"minecraft:mob_kills":1,"minecraft:drop":43,"minecraft:damage_dealt":121,"minecraft:interact_with_crafting_table":3,"minecraft:swim_one_cm":28446,"minecraft:fly_one_cm":84060,"minecraft:open_chest":4,"minecraft:crouch_one_cm":3601,"minecraft:play_time":34578,"minecraft:deaths":1,"minecraft:sneak_time":947,"minecraft:walk_under_water_one_cm":8100,"minecraft:jump":584,"minecraft:leave_game":2,"minecraft:time_since_death":30275,"minecraft:walk_on_water_one_cm":11488,"minecraft:total_world_time":34578,"minecraft:fall_one_cm":12860}},"DataVersion":3120}