{"stats":{"minecraft:mined":{"luminousworld:savannah_soil":2,"luminousworld:tall_deadbush":3,"minecraft:crafting_table":2,"luminousworld:savannah_grass_1":9,"minecraft:grass_block":2,"minecraft:chest":4,"undead_revamp2:blacpetalblock":1,"minecraft:tall_grass":11,"minecraft:sugar_cane":23,"minecraft:rooted_dirt":1,"luminousworld:savanna_grass_2":5,"minecraft:seagrass":4,"minecraft:tall_seagrass":1,"minecraft:fire":1,"luminousworld:bao_bob_log":1,"treechop:chopped_log":5,"minecraft:grass":6,"minecraft:potatoes":20,"minecraft:coal_ore":20,"minecraft:gravel":11,"minecraft:sand":37,"minecraft:dirt":2,"minecraft:fern":2,"minecraft:bamboo":1,"minecraft:acacia_planks":2,"minecraft:stone":28,"luminousworld:elephant_grass":5,"luminousworld:savannah_grass_4":6},"minecraft:dropped":{"minecraft:gravel":1,"minecraft:stone_axe":1,"minecraft:sugar_cane":1,"alexsmobs:animal_dictionary":1,"minecraft:golden_axe":1,"minecraft:rotten_flesh":34,"minecraft:golden_shovel":1,"minecraft:rail":2,"minecraft:golden_carrot":3,"minecraft:mutton":1,"gravestone:obituary":3,"minecraft:sandstone":1,"minecraft:stone_pickaxe":2,"minecraft:acacia_planks":1,"minecraft:bone":6},"minecraft:killed_by":{"minecraft:skeleton":1,"born_in_chaos_v1:scarlet_persecutor":1},"minecraft:used":{"minecraft:cooked_mutton":1,"minecraft:diamond_boots":1,"minecraft:stone_pickaxe":16,"undead_revamp2:blacpetalblock":1,"minecraft:chest":4,"minecraft:wooden_pickaxe":14,"minecraft:sandstone":3,"minecraft:rotten_flesh":6,"luminousworld:baobab_plank":4,"minecraft:sand":36,"minecraft:crafting_table":3,"minecraft:obsidian":1,"minecraft:gravel":8,"minecraft:stone_axe":62,"minecraft:fire_charge":1,"minecraft:golden_carrot":3,"minecraft:cobblestone":18,"minecraft:furnace":1,"minecraft:golden_pickaxe":20,"alexsmobs:animal_dictionary":1,"minecraft:cooked_beef":4,"minecraft:acacia_planks":25,"minecraft:golden_axe":24},"minecraft:picked_up":{"born_in_chaos_v1:fused_bone":2,"minecraft:crafting_table":2,"minecraft:golden_carrot":3,"minecraft:leather":9,"alexsmobs:acacia_blossom":1,"minecraft:potato":72,"minecraft:enchanted_book":1,"minecraft:flint":3,"minecraft:oak_log":48,"gravestone:obituary":2,"minecraft:dirt":3,"minecraft:string":16,"minecraft:bone":26,"minecraft:apple":2,"minecraft:acacia_planks":3,"undead_revamp2:blacpetalblock":1,"minecraft:wheat_seeds":2,"alexsmobs:banana":1,"minecraft:stone_pickaxe":2,"minecraft:beef":14,"luminousworld:elephant_grass":5,"minecraft:bamboo":11,"minecraft:powered_rail":1,"minecraft:sugar_cane":52,"minecraft:chest":4,"minecraft:acacia_sapling":2,"minecraft:stick":13,"minecraft:sandstone":4,"minecraft:acacia_log":8,"minecraft:gravel":9,"minecraft:sand":36,"minecraft:golden_axe":1,"minecraft:iron_horse_armor":1,"minecraft:spider_eye":6,"minecraft:arrow":1,"minecraft:rotten_flesh":40,"minecraft:rooted_dirt":1,"minecraft:stone_axe":1,"minecraft:coal":20,"alexsmobs:emu_egg":2,"minecraft:oak_sapling":25,"luminousworld:tall_deadbush":3,"minecraft:golden_apple":2,"minecraft:emerald":3,"luminousworld:bao_bob_log":1,"minecraft:mutton":2,"minecraft:rail":5,"minecraft:white_wool":1,"minecraft:cobblestone":32},"minecraft:custom":{"minecraft:interact_with_furnace":13,"minecraft:interact_with_anvil":1,"minecraft:mob_kills":16,"minecraft:interact_with_crafting_table":9,"minecraft:damage_dealt_resisted":352,"minecraft:leave_game":4,"minecraft:time_since_death":12132,"minecraft:climb_one_cm":940,"minecraft:time_since_rest":12163,"minecraft:sprint_one_cm":167036,"minecraft:damage_taken":1418,"minecraft:walk_one_cm":344334,"minecraft:drop":59,"minecraft:minecart_one_cm":5739,"minecraft:damage_dealt":2808,"minecraft:swim_one_cm":41017,"minecraft:fly_one_cm":136627,"minecraft:open_chest":30,"minecraft:crouch_one_cm":9082,"minecraft:play_time":88753,"minecraft:deaths":3,"minecraft:sneak_time":2958,"minecraft:walk_under_water_one_cm":22092,"minecraft:jump":1366,"minecraft:walk_on_water_one_cm":74110,"minecraft:total_world_time":88753,"minecraft:fall_one_cm":24656},"minecraft:killed":{"born_in_chaos_v1:baby_skeleton":1,"undead_revamp2:the_moonflower":1,"born_in_chaos_v1:siamese_skeletonsright":1,"minecraft:sheep":1,"minecraft:skeleton":1,"luminousworld:savannah_zombie":1,"born_in_chaos_v1:siamese_skeletonsleft":2,"minecraft:cow":8},"minecraft:crafted":{"minecraft:cooked_beef":14,"minecraft:oak_planks":24,"minecraft:crafting_table":1,"minecraft:wooden_pickaxe":1,"minecraft:furnace":1,"minecraft:stone_axe":1,"minecraft:air":0,"minecraft:cooked_mutton":1,"minecraft:stick":20,"minecraft:stone_pickaxe":1,"minecraft:torch":40,"minecraft:acacia_planks":32,"luminousworld:baobab_plank":4}},"DataVersion":3120}