{"stats":{"minecraft:picked_up":{"minecraft:sand":6,"gravestone:obituary":1,"minecraft:sugar_cane":24},"minecraft:dropped":{"gravestone:obituary":1,"minecraft:sugar_cane":1,"minecraft:golden_shovel":1,"alexsmobs:animal_dictionary":1},"minecraft:mined":{"minecraft:seagrass":4,"minecraft:tall_seagrass":1,"minecraft:sand":7,"minecraft:sugar_cane":11},"minecraft:used":{"minecraft:sand":2,"alexsmobs:animal_dictionary":1,"minecraft:obsidian":1},"minecraft:custom":{"minecraft:open_chest":2,"minecraft:time_since_rest":12481,"minecraft:crouch_one_cm":3601,"minecraft:sprint_one_cm":38342,"minecraft:play_time":16578,"minecraft:deaths":1,"minecraft:damage_taken":209,"minecraft:walk_one_cm":42590,"minecraft:sneak_time":670,"minecraft:walk_under_water_one_cm":6127,"minecraft:drop":4,"minecraft:jump":180,"minecraft:damage_dealt":26,"minecraft:leave_game":2,"minecraft:walk_on_water_one_cm":8847,"minecraft:time_since_death":12275,"minecraft:total_world_time":16578,"minecraft:swim_one_cm":18674,"minecraft:fall_one_cm":3717,"minecraft:fly_one_cm":27913}},"DataVersion":3120}