{"stats":{"minecraft:dropped":{"minecraft:stone_axe":1,"minecraft:sugar_cane":1,"alexsmobs:animal_dictionary":1,"minecraft:rotten_flesh":34,"minecraft:golden_shovel":1,"minecraft:mutton":1,"gravestone:obituary":2,"minecraft:stone_pickaxe":2,"minecraft:acacia_planks":1,"minecraft:bone":6},"minecraft:mined":{"luminousworld:savannah_soil":2,"luminousworld:tall_deadbush":3,"minecraft:crafting_table":2,"luminousworld:savannah_grass_1":9,"minecraft:chest":4,"undead_revamp2:blacpetalblock":1,"minecraft:tall_grass":11,"minecraft:sugar_cane":12,"luminousworld:savanna_grass_2":5,"minecraft:seagrass":4,"minecraft:tall_seagrass":1,"luminousworld:bao_bob_log":1,"treechop:chopped_log":2,"minecraft:grass":6,"minecraft:sand":37,"minecraft:acacia_planks":2,"minecraft:stone":28,"luminousworld:elephant_grass":5,"luminousworld:savannah_grass_4":6},"minecraft:killed_by":{"born_in_chaos_v1:scarlet_persecutor":1},"minecraft:picked_up":{"minecraft:crafting_table":2,"minecraft:leather":9,"alexsmobs:acacia_blossom":1,"minecraft:enchanted_book":1,"minecraft:oak_log":6,"gravestone:obituary":2,"minecraft:string":16,"minecraft:bone":26,"minecraft:acacia_planks":3,"undead_revamp2:blacpetalblock":1,"minecraft:wheat_seeds":1,"minecraft:stone_pickaxe":2,"minecraft:beef":14,"luminousworld:elephant_grass":5,"minecraft:sugar_cane":27,"minecraft:chest":4,"minecraft:acacia_sapling":2,"minecraft:stick":3,"minecraft:acacia_log":8,"minecraft:sand":36,"minecraft:iron_horse_armor":1,"minecraft:spider_eye":6,"minecraft:rotten_flesh":40,"minecraft:stone_axe":1,"luminousworld:tall_deadbush":3,"minecraft:golden_apple":2,"minecraft:emerald":3,"luminousworld:bao_bob_log":1,"minecraft:mutton":2,"minecraft:white_wool":1,"minecraft:cobblestone":28},"minecraft:used":{"minecraft:cooked_mutton":1,"minecraft:stone_pickaxe":16,"undead_revamp2:blacpetalblock":1,"minecraft:chest":4,"minecraft:wooden_pickaxe":14,"minecraft:rotten_flesh":6,"luminousworld:baobab_plank":4,"minecraft:sand":36,"minecraft:crafting_table":3,"minecraft:obsidian":1,"minecraft:stone_axe":62,"minecraft:cobblestone":14,"minecraft:furnace":1,"alexsmobs:animal_dictionary":1,"minecraft:cooked_beef":4,"minecraft:acacia_planks":25},"minecraft:custom":{"minecraft:interact_with_furnace":13,"minecraft:mob_kills":13,"minecraft:interact_with_crafting_table":9,"minecraft:leave_game":4,"minecraft:time_since_death":671,"minecraft:time_since_rest":723,"minecraft:sprint_one_cm":96929,"minecraft:damage_taken":869,"minecraft:walk_one_cm":170108,"minecraft:drop":50,"minecraft:damage_dealt":2175,"minecraft:swim_one_cm":30276,"minecraft:fly_one_cm":94420,"minecraft:open_chest":14,"minecraft:crouch_one_cm":6811,"minecraft:play_time":52928,"minecraft:deaths":2,"minecraft:sneak_time":2084,"minecraft:walk_under_water_one_cm":13674,"minecraft:jump":754,"minecraft:walk_on_water_one_cm":13131,"minecraft:total_world_time":52928,"minecraft:fall_one_cm":15608},"minecraft:killed":{"born_in_chaos_v1:baby_skeleton":1,"undead_revamp2:the_moonflower":1,"minecraft:sheep":1,"luminousworld:savannah_zombie":1,"born_in_chaos_v1:siamese_skeletonsleft":1,"minecraft:cow":8},"minecraft:crafted":{"minecraft:cooked_beef":14,"minecraft:oak_planks":24,"minecraft:crafting_table":1,"minecraft:wooden_pickaxe":1,"minecraft:furnace":1,"minecraft:stone_axe":1,"minecraft:air":0,"minecraft:cooked_mutton":1,"minecraft:stick":20,"minecraft:stone_pickaxe":1,"minecraft:acacia_planks":32,"luminousworld:baobab_plank":4}},"DataVersion":3120}