{"stats":{"minecraft:dropped":{"minecraft:stone_axe":1,"minecraft:sugar_cane":1,"alexsmobs:animal_dictionary":1,"minecraft:rotten_flesh":34,"minecraft:golden_shovel":1,"minecraft:golden_carrot":2,"minecraft:mutton":1,"gravestone:obituary":2,"minecraft:stone_pickaxe":2,"minecraft:acacia_planks":1,"minecraft:bone":6},"minecraft:mined":{"luminousworld:savannah_soil":2,"luminousworld:tall_deadbush":3,"minecraft:crafting_table":2,"luminousworld:savannah_grass_1":9,"minecraft:chest":4,"undead_revamp2:blacpetalblock":1,"minecraft:tall_grass":11,"minecraft:sugar_cane":22,"luminousworld:savanna_grass_2":5,"minecraft:seagrass":4,"minecraft:tall_seagrass":1,"minecraft:fire":1,"luminousworld:bao_bob_log":1,"treechop:chopped_log":2,"minecraft:grass":6,"minecraft:potatoes":10,"minecraft:sand":37,"minecraft:acacia_planks":2,"minecraft:stone":28,"luminousworld:elephant_grass":5,"luminousworld:savannah_grass_4":6},"minecraft:killed_by":{"born_in_chaos_v1:scarlet_persecutor":1},"minecraft:used":{"minecraft:cooked_mutton":1,"minecraft:diamond_boots":1,"minecraft:stone_pickaxe":16,"undead_revamp2:blacpetalblock":1,"minecraft:chest":4,"minecraft:wooden_pickaxe":14,"minecraft:rotten_flesh":6,"luminousworld:baobab_plank":4,"minecraft:sand":36,"minecraft:crafting_table":3,"minecraft:obsidian":1,"minecraft:stone_axe":62,"minecraft:fire_charge":1,"minecraft:golden_carrot":2,"minecraft:cobblestone":17,"minecraft:furnace":1,"alexsmobs:animal_dictionary":1,"minecraft:cooked_beef":4,"minecraft:acacia_planks":25},"minecraft:picked_up":{"born_in_chaos_v1:fused_bone":2,"minecraft:crafting_table":2,"minecraft:golden_carrot":2,"minecraft:leather":9,"alexsmobs:acacia_blossom":1,"minecraft:potato":30,"minecraft:enchanted_book":1,"minecraft:oak_log":6,"gravestone:obituary":2,"minecraft:string":16,"minecraft:bone":26,"minecraft:acacia_planks":3,"undead_revamp2:blacpetalblock":1,"minecraft:wheat_seeds":1,"minecraft:stone_pickaxe":2,"minecraft:beef":14,"luminousworld:elephant_grass":5,"minecraft:powered_rail":1,"minecraft:sugar_cane":50,"minecraft:chest":4,"minecraft:acacia_sapling":2,"minecraft:stick":3,"minecraft:sandstone":3,"minecraft:acacia_log":8,"minecraft:sand":36,"minecraft:iron_horse_armor":1,"minecraft:spider_eye":6,"minecraft:rotten_flesh":40,"minecraft:stone_axe":1,"luminousworld:tall_deadbush":3,"minecraft:golden_apple":2,"minecraft:emerald":3,"luminousworld:bao_bob_log":1,"minecraft:mutton":2,"minecraft:rail":3,"minecraft:white_wool":1,"minecraft:cobblestone":32},"minecraft:custom":{"minecraft:interact_with_furnace":13,"minecraft:mob_kills":15,"minecraft:interact_with_crafting_table":9,"minecraft:damage_dealt_resisted":316,"minecraft:leave_game":4,"minecraft:time_since_death":12496,"minecraft:time_since_rest":12548,"minecraft:sprint_one_cm":113195,"minecraft:damage_taken":1045,"minecraft:walk_one_cm":211938,"minecraft:drop":52,"minecraft:damage_dealt":2576,"minecraft:swim_one_cm":34508,"minecraft:fly_one_cm":97174,"minecraft:open_chest":23,"minecraft:crouch_one_cm":6892,"minecraft:play_time":64753,"minecraft:deaths":2,"minecraft:sneak_time":2121,"minecraft:walk_under_water_one_cm":16510,"minecraft:jump":854,"minecraft:walk_on_water_one_cm":58477,"minecraft:total_world_time":64753,"minecraft:fall_one_cm":15817},"minecraft:killed":{"born_in_chaos_v1:baby_skeleton":1,"undead_revamp2:the_moonflower":1,"born_in_chaos_v1:siamese_skeletonsright":1,"minecraft:sheep":1,"luminousworld:savannah_zombie":1,"born_in_chaos_v1:siamese_skeletonsleft":2,"minecraft:cow":8},"minecraft:crafted":{"minecraft:cooked_beef":14,"minecraft:oak_planks":24,"minecraft:crafting_table":1,"minecraft:wooden_pickaxe":1,"minecraft:furnace":1,"minecraft:stone_axe":1,"minecraft:air":0,"minecraft:cooked_mutton":1,"minecraft:stick":20,"minecraft:stone_pickaxe":1,"minecraft:acacia_planks":32,"luminousworld:baobab_plank":4}},"DataVersion":3120}