{"stats":{"minecraft:crafted":{"minecraft:cooked_beef":14,"minecraft:oak_planks":24,"minecraft:crafting_table":1,"minecraft:wooden_pickaxe":1,"minecraft:furnace":1,"minecraft:stone_axe":1,"minecraft:cooked_mutton":1,"minecraft:air":0,"minecraft:stick":20,"minecraft:stone_pickaxe":1,"minecraft:acacia_planks":32,"luminousworld:baobab_plank":4},"minecraft:dropped":{"minecraft:stone_axe":1,"minecraft:sugar_cane":1,"alexsmobs:animal_dictionary":1,"minecraft:rotten_flesh":34,"minecraft:golden_shovel":1,"minecraft:mutton":1,"gravestone:obituary":2,"minecraft:stone_pickaxe":2,"minecraft:acacia_planks":1,"minecraft:bone":4},"minecraft:picked_up":{"minecraft:crafting_table":2,"minecraft:leather":9,"alexsmobs:acacia_blossom":1,"minecraft:enchanted_book":1,"minecraft:oak_log":6,"gravestone:obituary":2,"minecraft:string":16,"minecraft:bone":24,"minecraft:acacia_planks":3,"minecraft:wheat_seeds":1,"luminousworld:elephant_grass":5,"minecraft:beef":14,"minecraft:stone_pickaxe":2,"minecraft:sugar_cane":27,"minecraft:chest":4,"minecraft:acacia_sapling":2,"minecraft:stick":3,"minecraft:acacia_log":8,"minecraft:sand":36,"minecraft:iron_horse_armor":1,"minecraft:spider_eye":6,"minecraft:rotten_flesh":40,"minecraft:stone_axe":1,"minecraft:golden_apple":2,"minecraft:emerald":3,"luminousworld:tall_deadbush":3,"luminousworld:bao_bob_log":1,"minecraft:mutton":2,"minecraft:white_wool":1,"minecraft:cobblestone":28},"minecraft:killed":{"born_in_chaos_v1:baby_skeleton":1,"minecraft:sheep":1,"luminousworld:savannah_zombie":1,"minecraft:cow":8},"minecraft:mined":{"luminousworld:savannah_soil":2,"luminousworld:tall_deadbush":3,"minecraft:crafting_table":2,"luminousworld:savannah_grass_1":9,"minecraft:chest":4,"minecraft:tall_grass":11,"minecraft:sugar_cane":12,"luminousworld:savanna_grass_2":5,"minecraft:seagrass":4,"minecraft:tall_seagrass":1,"luminousworld:bao_bob_log":1,"treechop:chopped_log":2,"minecraft:grass":6,"minecraft:sand":37,"minecraft:acacia_planks":2,"minecraft:stone":28,"luminousworld:elephant_grass":5,"luminousworld:savannah_grass_4":6},"minecraft:custom":{"minecraft:interact_with_furnace":13,"minecraft:mob_kills":11,"minecraft:interact_with_crafting_table":7,"minecraft:leave_game":2,"minecraft:time_since_death":42275,"minecraft:time_since_rest":42481,"minecraft:sprint_one_cm":93851,"minecraft:damage_taken":567,"minecraft:walk_one_cm":167102,"minecraft:drop":48,"minecraft:damage_dealt":1976,"minecraft:swim_one_cm":28446,"minecraft:fly_one_cm":88220,"minecraft:open_chest":8,"minecraft:crouch_one_cm":6644,"minecraft:play_time":46578,"minecraft:deaths":1,"minecraft:sneak_time":1783,"minecraft:walk_under_water_one_cm":11721,"minecraft:jump":713,"minecraft:walk_on_water_one_cm":12268,"minecraft:total_world_time":46578,"minecraft:fall_one_cm":14921},"minecraft:used":{"minecraft:cooked_mutton":1,"minecraft:stone_pickaxe":16,"minecraft:chest":4,"minecraft:wooden_pickaxe":14,"minecraft:rotten_flesh":6,"luminousworld:baobab_plank":4,"minecraft:sand":36,"minecraft:crafting_table":3,"minecraft:obsidian":1,"minecraft:stone_axe":58,"minecraft:cobblestone":14,"minecraft:furnace":1,"minecraft:cooked_beef":2,"alexsmobs:animal_dictionary":1,"minecraft:acacia_planks":25}},"DataVersion":3120}