{"stats":{"minecraft:picked_up":{"minecraft:stick":2,"minecraft:crafting_table":1,"minecraft:jungle_log":11,"minecraft:stone_slab":2,"alexsmobs:banana":1,"minecraft:jungle_sapling":1,"minecraft:cobblestone":44,"minecraft:coal":37},"minecraft:mined":{"minecraft:grass":2,"minecraft:coal_ore":38,"minecraft:vine":1,"minecraft:stone_slab":1,"minecraft:stone":44,"treechop:chopped_log":1,"minecraft:crafting_table":1},"minecraft:crafted":{"minecraft:crafting_table":1,"minecraft:stick":20,"minecraft:wooden_pickaxe":1,"minecraft:air":44,"minecraft:jungle_planks":11,"minecraft:stone_pickaxe":1},"minecraft:custom":{"minecraft:time_since_rest":10270,"minecraft:play_time":10270,"minecraft:sprint_one_cm":6684,"minecraft:damage_taken":60,"minecraft:walk_one_cm":10990,"minecraft:sneak_time":33,"minecraft:jump":57,"minecraft:leave_game":1,"minecraft:time_since_death":10270,"minecraft:climb_one_cm":180,"minecraft:total_world_time":10270,"minecraft:fall_one_cm":882,"minecraft:interact_with_crafting_table":3,"minecraft:fly_one_cm":5679},"minecraft:used":{"minecraft:crafting_table":2,"minecraft:stone_pickaxe":58,"alexsmobs:banana":1,"minecraft:wooden_pickaxe":25}},"DataVersion":3465}